Hero,Image Count,Images
Alarak,4,Alarak01.jpg | Alarak02.jpg | Alarak03.jpg | Alarak04.jpg
Arthas,4,Arthas01.jpg | Arthas02.jpg | Arthas03.jpg | Arthas04.jpg
Blaze,4,Blaze01.jpg | Blaze02.jpg | Blaze03.jpg | Blaze04.jpg
Cho-Gall,4,Cho-Gall01.jpg | Cho-Gall02.jpg | Cho-Gall03.jpg | Cho-Gall04.jpg
Dehaka,4,Dehaka01.jpg | Dehaka02.jpg | Dehaka03.jpg | Dehaka04.jpg
ETC,4,ETC01.jpg | ETC02.jpg | ETC03.jpg | ETC04.jpg
Fenix,4,Fenix01.jpg | Fenix02.jpg | Fenix03.jpg | Fenix04.jpg
Leoric,4,Leoric01.jpg | Leoric02.jpg | Leoric03.jpg | Leoric04.jpg
Lt Morales,4,Lt Morales01.jpg | Lt Morales02.jpg | Lt Morales03.jpg | Lt Morales04.jpg
Lunara,4,Lunara01.jpg | Lunara02.jpg | Lunara03.jpg | Lunara04.jpg
Mal'Ganis,4,Mal'Ganis01.jpg | Mal'Ganis02.jpg | Mal'Ganis03.jpg | Mal'Ganis04.jpg
Nova,4,Nova01.jpg | Nova02.jpg | Nova03.jpg | Nova04.jpg
Ragnaros,4,Ragnaros01.jpg | Ragnaros02.jpg | Ragnaros03.jpg | Ragnaros04.jpg
Rexxar,4,Rexxar01.jpg | Rexxar02.jpg | Rexxar03.jpg | Rexxar04.jpg
Stukov,4,Stukov01.jpg | Stukov02.jpg | Stukov03.jpg | Stukov04.jpg
Tychus,4,Tychus01.jpg | Tychus02.jpg | Tychus03.jpg | Tychus04.jpg
Zagara,4,Zagara01.jpg | Zagara02.jpg | Zagara03.jpg | Zagara04.jpg
Zul'jin,4,Zul'jin01.jpg | Zul'jin02.jpg | Zul'jin03.jpg | Zul'jin04.jpg
