Hero	Selected Skin Key	Directory	Repository	Model Path	Confidence	Margin	Captions	Top Candidates
Alarak	base	storm_hero_alarak_base	HOTS-02	storm_hero_alarak_base/storm_hero_alarak_base.m3	low	0.009809	an image of a character from the mobile game starcraft | a screenshot of a knight in a space setting | a screenshot of a female in a red dress | a screenshot of a character in a game	base=0.44325 | ultimate=0.43344 | hunter=0.42620 | dark18=0.42438
Arthas	craft20	storm_hero_arthas_craft20	HOTS-02	storm_hero_arthas_craft20/storm_hero_arthas_craft20.m3	low	0.004506	an image of a character from the game overwatch | a screenshot of a warrior with a sword in front of a planet | an image of a purple cloak with wings flying out of it | an image of a man with a sword in front of a blue and purple background	craft20=0.42745 | lichprince=0.42294 | base=0.42184 | ultimate=0.41670 | guanyu=0.40848
Blaze	felreaver	storm_hero_firebat_felreaver	HOTS-02	storm_hero_firebat_felreaver/storm_hero_firebat_felreaver.m3	low	0.006039	a screenshot of a giant robot in a space setting | a screenshot of a giant robot, with the text, ' click to charge hero ' | a screenshot of a giant robot in a space setting | a screenshot of a giant robot in a space setting	felreaver=0.39611 | base=0.39007 | army19=0.37155
Cho-Gall	base	storm_hero_chogall_base	HOTS-02	storm_hero_chogall_base/storm_hero_chogall_base.m3	low	0.002809	an image of a character from the game world of warcraft | an image of a character in the mobile game mobile legends | a screenshot of a character in the game world of war | a screenshot of a giant, a giant, a giant, a giant, a giant, a giant	base=0.43041 | ultimate=0.42760 | altered20=0.42356 | corruptor=0.41584 | pumpkin=0.39410
Dehaka	mecha	storm_hero_dehaka_mecha	HOTS-02	storm_hero_dehaka_mecha/storm_hero_dehaka_mecha.m3	low	0.005511	a yellow and black robot standing in front of a planet | an image of a yellow and black robot standing in front of a planet | an image of a giant robot in a space setting | an image of a yellow and black robot in a space setting	mecha=0.38134 | vhaka=0.37583 | ultimate=0.37001 | base=0.36739 | toys18=0.36010
ETC	base	storm_hero_etc_base	HOTS-02	storm_hero_etc_base/storm_hero_etc_base_v07.m3	low	0.004524	an image of a character from the league league league league league league league league league league league league league league | a screenshot of a character in a game | an image of a character with a guitar in front of a planet | a screenshot of a character with a guitar in front of a planet	base=0.42604 | ultimate=0.42152 | marine=0.41885 | glam=0.41761 | purecountry=0.41499
Fenix	guardian	storm_hero_fenix_guardian	HOTS-02	storm_hero_fenix_guardian/storm_hero_fenix_guardian.m3	medium	0.015145	an image of a giant robot in a space setting | an image of a robot in a space setting | an image of a robot in the game overwatch | an image of a robot in a space station	guardian=0.39568 | base=0.38053 | dark20=0.34903
Leoric	base	storm_hero_kingleoric_base	HOTS-03	storm_hero_kingleoric_base/storm_hero_kingleoric_base.m3	low	0.002281	an image of a male character in a space setting | a screenshot of a knight in a space setting | a screenshot of a knight with a sword in his hand | an image of a character from the game starcraft	base=0.44178 | space=0.43950 | ultimate=0.42941 | kingvrykul=0.41659 | vrykul=0.41276
Lt Morales	ultimate	storm_hero_medic_ultimate	HOTS-03	storm_hero_medic_ultimate/storm_hero_medic_ultimate.m3	medium	0.014208	an image of a giant robot in a space setting | an image of a man in a suit with a green light on his chest | a screenshot of a giant robot with green glowing eyes | a screenshot of a giant robot and a giant robot in a screenshot of a giant robot	ultimate=0.40250 | enforcer=0.38829 | base=0.38404 | uther_medic=0.37773 | apoth=0.37446
Lunara	base	storm_hero_dryad_base	HOTS-02	storm_hero_dryad_base/storm_hero_dryad_base.m3	low	0.002048	league league league league league league league league league league league league league league league league league league league league league | an image of a woman riding on a horse | league league league league league league league league league league league league league league league league league league league league league | an image of a horse with a sword on it ' s back	base=0.40200 | ultimate=0.39995 | sentinel=0.39874 | warden=0.39599 | winter=0.39404
Mal'Ganis	base	storm_hero_malganis_base	HOTS-03	storm_hero_malganis_base/storm_hero_malganis_base.m3	medium	0.021585	a screenshot image of a character in a game | a screenshot of a giant, a giant, and a giant, in a screenshot of a giant | a screenshot of a dragon with wings on it ' s back | a screenshot of a giant, a giant, a giant, and a giant	base=0.42024 | pilothawk=0.39865 | summer20=0.38081
Nova	base	storm_hero_nova_base	HOTS-03	storm_hero_nova_base/storm_hero_nova_base_v05.m3	low	0.009563	a woman in a futuristic suit holding a gun | a screenshot of a female with a gun in her hand | a screenshot of a female with a gun in her hand | an image of a woman with a gun in front of a planet	base=0.41792 | widow=0.40836 | spectre=0.40439 | madaxe18=0.39401 | ultimate=0.39088
Ragnaros	base	storm_hero_ragnaros_base	HOTS-03	storm_hero_ragnaros_base/storm_hero_ragnaros_base.m3	medium	0.013540	a screenshot of a character in a game | a screenshot of a fire breathing in a space setting | a screenshot of a demon in a screenshot of a demon in a screenshot of a demon in | a screenshot of an orange and black character in a space setting	base=0.44007 | ultimate=0.42653 | lil=0.39564
Rexxar	frost	storm_hero_rexxar_frost	HOTS-03	storm_hero_rexxar_frost/storm_hero_rexxar_frost.m3	low	0.001091	league league league league league league league league league league league league league league league league league league league league league | a screenshot of two dogs in a space setting | a screenshot of a group of bears in a space setting | an image of a group of monsters in a space setting	frost=0.40340 | base=0.40231 | marine=0.38870 | ultimate=0.38701
Stukov	base	storm_hero_stukov_base	HOTS-03	storm_hero_stukov_base/storm_hero_stukov_base.m3	low	0.007241	an image of a man in a space suit | an image of a man in a purple outfit and a purple hat, standing in front of a blue background | an image of a man with a green ball in his hand | a screenshot of an overwatching character in overwatch	base=0.40745 | pirate=0.40021 | army18=0.38297
Tychus	base	storm_hero_tychus_base	HOTS-03	storm_hero_tychus_base/storm_hero_tychus_base_v13.m3	low	0.000205	an image of a man in a space suit sitting on top of a giant robot | an image of a robot in a space setting | an image of a giant robot in a space setting | an image of a robot with a gun in front of a planet	base=0.42070 | prisoner=0.42049 | ultimate=0.41693 | infested=0.39831 | watergun=0.37870
Zagara	insectoid	storm_hero_zagara_insectoid	HOTS-03	storm_hero_zagara_insectoid/storm_hero_zagara_insectoid.m3	low	0.006655	an image of a giant creature in a space setting with planets and stars in the background | a screenshot of a demon with horns and horns on it ' s back | a screenshot of a monster in a space setting | a screenshot of a monster in a space setting with the moon in the background	insectoid=0.39768 | base=0.39102 | ultimate=0.38188 | luxqueen=0.36622 | cryptqueen=0.36593
Zul'jin	base	storm_hero_zuljin_base	HOTS-03	storm_hero_zuljin_base/storm_hero_zuljin_base.m3	medium	0.015676	an image of a character from the league league league league league league league league league league league league league league | a screenshot of a male with a long white hair and purple hair, standing in front of a blue | an image of a character in the mobile game league league league league league league league league league league league league | an image of a character from the game league league league league league league league league league league league league league	base=0.40329 | lunar=0.38761 | ultimate=0.37861 | fire=0.37566
