Hero	Repository	Directory	Model Path
Alarak	HOTS-02	storm_hero_alarak_base	storm_hero_alarak_base/storm_hero_alarak_base.m3
Alarak	HOTS-02	storm_hero_alarak_dark18	storm_hero_alarak_dark18/storm_hero_alarak_dark18.m3
Alarak	HOTS-02	storm_hero_alarak_hunter	storm_hero_alarak_hunter/storm_hero_alarak_hunter.m3
Alarak	HOTS-02	storm_hero_alarak_ultimate	storm_hero_alarak_ultimate/storm_hero_alarak_ultimate.m3
Arthas	HOTS-02	storm_hero_arthas_base	storm_hero_arthas_base/storm_hero_arthas_base_v15.m3
Arthas	HOTS-02	storm_hero_arthas_craft20	storm_hero_arthas_craft20/storm_hero_arthas_craft20.m3
Arthas	HOTS-02	storm_hero_arthas_crimsoncount	storm_hero_arthas_crimsoncount/storm_hero_arthas_crimsoncount.m3
Arthas	HOTS-02	storm_hero_arthas_dragonbone	storm_hero_arthas_dragonbone/storm_hero_arthas_dragonbone_v15.m3
Arthas	HOTS-02	storm_hero_arthas_guanyu	storm_hero_arthas_guanyu/storm_hero_arthas_guanyu_v15.m3
Arthas	HOTS-02	storm_hero_arthas_lichprince	storm_hero_arthas_lichprince/storm_hero_arthas_lichprince_v15.m3
Arthas	HOTS-02	storm_hero_arthas_ultimate	storm_hero_arthas_ultimate/storm_hero_arthas_ultimate_v15.m3
Blaze	HOTS-02	storm_hero_firebat_army19	storm_hero_firebat_army19/storm_hero_firebat_army19.m3
Blaze	HOTS-02	storm_hero_firebat_base	storm_hero_firebat_base/storm_hero_firebat_base.m3
Blaze	HOTS-02	storm_hero_firebat_felreaver	storm_hero_firebat_felreaver/storm_hero_firebat_felreaver.m3
Cho-Gall	HOTS-02	storm_hero_chogall_altered20	storm_hero_chogall_altered20/storm_hero_chogall_altered20.m3
Cho-Gall	HOTS-02	storm_hero_chogall_base	storm_hero_chogall_base/storm_hero_chogall_base.m3
Cho-Gall	HOTS-02	storm_hero_chogall_corruptor	storm_hero_chogall_corruptor/storm_hero_chogall_corruptor.m3
Cho-Gall	HOTS-02	storm_hero_chogall_pumpkin	storm_hero_chogall_pumpkin/storm_hero_chogall_pumpkin.m3
Cho-Gall	HOTS-02	storm_hero_chogall_ultimate	storm_hero_chogall_ultimate/storm_hero_chogall_ultimate.m3
Dehaka	HOTS-02	storm_hero_dehaka_base	storm_hero_dehaka_base/storm_hero_dehaka_base.m3
Dehaka	HOTS-02	storm_hero_dehaka_mecha	storm_hero_dehaka_mecha/storm_hero_dehaka_mecha.m3
Dehaka	HOTS-02	storm_hero_dehaka_toys18	storm_hero_dehaka_toys18/storm_hero_dehaka_toys18.m3
Dehaka	HOTS-02	storm_hero_dehaka_ultimate	storm_hero_dehaka_ultimate/storm_hero_dehaka_ultimate.m3
Dehaka	HOTS-02	storm_hero_dehaka_vhaka	storm_hero_dehaka_vhaka/storm_hero_dehaka_vhaka.m3
ETC	HOTS-02	storm_hero_etc_base	storm_hero_etc_base/storm_hero_etc_base_v07.m3
ETC	HOTS-02	storm_hero_etc_glam	storm_hero_etc_glam/storm_hero_etc_glam_v07.m3
ETC	HOTS-02	storm_hero_etc_marine	storm_hero_etc_marine/storm_hero_etc_marine.m3
ETC	HOTS-02	storm_hero_etc_purecountry	storm_hero_etc_purecountry/storm_hero_etc_purecountry_v07.m3
ETC	HOTS-02	storm_hero_etc_summer18	storm_hero_etc_summer18/storm_hero_etc_summer18.m3
ETC	HOTS-02	storm_hero_etc_ultimate	storm_hero_etc_ultimate/storm_hero_etc_ultimate.m3
Fenix	HOTS-02	storm_hero_fenix_base	storm_hero_fenix_base/storm_hero_fenix_base.m3
Fenix	HOTS-02	storm_hero_fenix_base_replace_mat	storm_hero_fenix_base_replace_mat/storm_hero_fenix_base_replace_mat.m3
Fenix	HOTS-02	storm_hero_fenix_dark20	storm_hero_fenix_dark20/storm_hero_fenix_dark20.m3
Fenix	HOTS-02	storm_hero_fenix_dark20_replace_mat	storm_hero_fenix_dark20_replace_mat/storm_hero_fenix_dark20_replace_mat.m3
Fenix	HOTS-02	storm_hero_fenix_guardian	storm_hero_fenix_guardian/storm_hero_fenix_guardian.m3
Fenix	HOTS-02	storm_hero_fenix_guardian_replace_mat	storm_hero_fenix_guardian_replace_mat/storm_hero_fenix_guardian_replace_mat.m3
Leoric	HOTS-03	storm_hero_kingleoric_base	storm_hero_kingleoric_base/storm_hero_kingleoric_base.m3
Leoric	HOTS-03	storm_hero_kingleoric_janitor18	storm_hero_kingleoric_janitor18/storm_hero_kingleoric_janitor18.m3
Leoric	HOTS-03	storm_hero_kingleoric_janitor18_ghost_mat	storm_hero_kingleoric_janitor18_ghost_mat/storm_hero_kingleoric_janitor18_ghost_mat.m3
Leoric	HOTS-03	storm_hero_kingleoric_janitor18_shadow_mat	storm_hero_kingleoric_janitor18_shadow_mat/storm_hero_kingleoric_janitor18_shadow_mat.m3
Leoric	HOTS-03	storm_hero_kingleoric_kingvrykul	storm_hero_kingleoric_kingvrykul/storm_hero_kingleoric_kingvrykul.m3
Leoric	HOTS-03	storm_hero_kingleoric_space	storm_hero_kingleoric_space/storm_hero_kingleoric_space.m3
Leoric	HOTS-03	storm_hero_kingleoric_ultimate	storm_hero_kingleoric_ultimate/storm_hero_kingleoric_ultimate.m3
Leoric	HOTS-03	storm_hero_kingleoric_vrykul	storm_hero_kingleoric_vrykul/storm_hero_kingleoric_vrykul.m3
Lt Morales	HOTS-03	storm_hero_medic_apoth	storm_hero_medic_apoth/storm_hero_medic_apoth.m3
Lt Morales	HOTS-03	storm_hero_medic_apoth_shield	storm_hero_medic_apoth_shield/storm_hero_medic_apoth_shield.m3
Lt Morales	HOTS-03	storm_hero_medic_base	storm_hero_medic_base/storm_hero_medic_base.m3
Lt Morales	HOTS-03	storm_hero_medic_base_shield	storm_hero_medic_base_shield/storm_hero_medic_base_shield.m3
Lt Morales	HOTS-03	storm_hero_medic_enforcer	storm_hero_medic_enforcer/storm_hero_medic_enforcer.m3
Lt Morales	HOTS-03	storm_hero_medic_enforcer_shield	storm_hero_medic_enforcer_shield/storm_hero_medic_enforcer_shield.m3
Lt Morales	HOTS-03	storm_hero_medic_love	storm_hero_medic_love/storm_hero_medic_love.m3
Lt Morales	HOTS-03	storm_hero_medic_love_shield	storm_hero_medic_love_shield/storm_hero_medic_love_shield.m3
Lt Morales	HOTS-03	storm_hero_medic_ultimate	storm_hero_medic_ultimate/storm_hero_medic_ultimate.m3
Lt Morales	HOTS-03	storm_hero_medic_ultimate_shield	storm_hero_medic_ultimate_shield/storm_hero_medic_ultimate_shield.m3
Lt Morales	HOTS-03	storm_hero_uther_medic	storm_hero_uther_medic/storm_hero_uther_medic.m3
Lunara	HOTS-02	storm_hero_dryad_base	storm_hero_dryad_base/storm_hero_dryad_base.m3
Lunara	HOTS-02	storm_hero_dryad_sentinel	storm_hero_dryad_sentinel/storm_hero_dryad_sentinel.m3
Lunara	HOTS-02	storm_hero_dryad_summer18	storm_hero_dryad_summer18/storm_hero_dryad_summer18.m3
Lunara	HOTS-02	storm_hero_dryad_ultimate	storm_hero_dryad_ultimate/storm_hero_dryad_ultimate.m3
Lunara	HOTS-02	storm_hero_dryad_warden	storm_hero_dryad_warden/storm_hero_dryad_warden.m3
Lunara	HOTS-02	storm_hero_dryad_winter	storm_hero_dryad_winter/storm_hero_dryad_winter.m3
Mal'Ganis	HOTS-03	storm_hero_malganis_base	storm_hero_malganis_base/storm_hero_malganis_base.m3
Mal'Ganis	HOTS-03	storm_hero_malganis_pilothawk	storm_hero_malganis_pilothawk/storm_hero_malganis_pilothawk.m3
Mal'Ganis	HOTS-03	storm_hero_malganis_summer20	storm_hero_malganis_summer20/storm_hero_malganis_summer20.m3
Nova	HOTS-03	storm_hero_nova_base	storm_hero_nova_base/storm_hero_nova_base_v05.m3
Nova	HOTS-03	storm_hero_nova_base_holo	storm_hero_nova_base_holo/storm_hero_nova_base_holo.m3
Nova	HOTS-03	storm_hero_nova_madaxe18	storm_hero_nova_madaxe18/storm_hero_nova_madaxe18.m3
Nova	HOTS-03	storm_hero_nova_novazon	storm_hero_nova_novazon/storm_hero_nova_novazon_v05.m3
Nova	HOTS-03	storm_hero_nova_rollerderby	storm_hero_nova_rollerderby/storm_hero_nova_rollerderby_v05.m3
Nova	HOTS-03	storm_hero_nova_spectre	storm_hero_nova_spectre/storm_hero_nova_spectre_v05.m3
Nova	HOTS-03	storm_hero_nova_ultimate	storm_hero_nova_ultimate/storm_hero_nova_ultimate_v05.m3
Nova	HOTS-03	storm_hero_nova_widow	storm_hero_nova_widow/storm_hero_nova_widow_v05.m3
Ragnaros	HOTS-03	storm_hero_ragnaros_base	storm_hero_ragnaros_base/storm_hero_ragnaros_base.m3
Ragnaros	HOTS-03	storm_hero_ragnaros_lil	storm_hero_ragnaros_lil/storm_hero_ragnaros_lil.m3
Ragnaros	HOTS-03	storm_hero_ragnaros_ultimate	storm_hero_ragnaros_ultimate/storm_hero_ragnaros_ultimate.m3
Rexxar	HOTS-03	storm_hero_rexxar_base	storm_hero_rexxar_base/storm_hero_rexxar_base.m3
Rexxar	HOTS-03	storm_hero_rexxar_frost	storm_hero_rexxar_frost/storm_hero_rexxar_frost.m3
Rexxar	HOTS-03	storm_hero_rexxar_marine	storm_hero_rexxar_marine/storm_hero_rexxar_marine.m3
Rexxar	HOTS-03	storm_hero_rexxar_ultimate	storm_hero_rexxar_ultimate/storm_hero_rexxar_ultimate.m3
Stukov	HOTS-03	storm_hero_stukov_army18	storm_hero_stukov_army18/storm_hero_stukov_army18.m3
Stukov	HOTS-03	storm_hero_stukov_base	storm_hero_stukov_base/storm_hero_stukov_base.m3
Stukov	HOTS-03	storm_hero_stukov_pirate	storm_hero_stukov_pirate/storm_hero_stukov_pirate.m3
Tychus	HOTS-03	storm_hero_tychus_base	storm_hero_tychus_base/storm_hero_tychus_base_v13.m3
Tychus	HOTS-03	storm_hero_tychus_base_morph_odin	storm_hero_tychus_base_morph_odin/storm_hero_tychus_base_morph_odin.m3
Tychus	HOTS-03	storm_hero_tychus_infested	storm_hero_tychus_infested/storm_hero_tychus_infested.m3
Tychus	HOTS-03	storm_hero_tychus_infested_morph_odin	storm_hero_tychus_infested_morph_odin/storm_hero_tychus_infested_morph_odin.m3
Tychus	HOTS-03	storm_hero_tychus_infested_morph_odin_birth	storm_hero_tychus_infested_morph_odin_birth/storm_hero_tychus_infested_morph_odin_birth.m3
Tychus	HOTS-03	storm_hero_tychus_prisoner	storm_hero_tychus_prisoner/storm_hero_tychus_prisoner_v13.m3
Tychus	HOTS-03	storm_hero_tychus_ultimate	storm_hero_tychus_ultimate/storm_hero_tychus_ultimate_v13.m3
Tychus	HOTS-03	storm_hero_tychus_watergun	storm_hero_tychus_watergun/storm_hero_tychus_watergun.m3
Tychus	HOTS-03	storm_hero_tychus_watergun_short	storm_hero_tychus_watergun_short/storm_hero_tychus_watergun_short.m3
Zagara	HOTS-03	storm_hero_zagara_base	storm_hero_zagara_base/storm_hero_zagara_base.m3
Zagara	HOTS-03	storm_hero_zagara_cryptqueen	storm_hero_zagara_cryptqueen/storm_hero_zagara_cryptqueen.m3
Zagara	HOTS-03	storm_hero_zagara_insectoid	storm_hero_zagara_insectoid/storm_hero_zagara_insectoid.m3
Zagara	HOTS-03	storm_hero_zagara_luxqueen	storm_hero_zagara_luxqueen/storm_hero_zagara_luxqueen.m3
Zagara	HOTS-03	storm_hero_zagara_ultimate	storm_hero_zagara_ultimate/storm_hero_zagara_ultimate.m3
Zul'jin	HOTS-03	storm_hero_zuljin_base	storm_hero_zuljin_base/storm_hero_zuljin_base.m3
Zul'jin	HOTS-03	storm_hero_zuljin_fire	storm_hero_zuljin_fire/storm_hero_zuljin_fire.m3
Zul'jin	HOTS-03	storm_hero_zuljin_lunar	storm_hero_zuljin_lunar/storm_hero_zuljin_lunar.m3
Zul'jin	HOTS-03	storm_hero_zuljin_ultimate	storm_hero_zuljin_ultimate/storm_hero_zuljin_ultimate.m3
