hero,skin_key,source_model,selection_method,file,bytes,sha256,triangles,watertight,winding_consistent,body_count,volume_mm3,x_mm,y_mm,z_mm
Alarak,base,storm_hero_alarak_base/storm_hero_alarak_base.m3,four-view CLIP appearance classification,Alarak.stl,22968684,087ddb90f0786662ed6a620d4ab2b90fa4e9bfee15fb04b2ab317f00b58e6341,459372,False,True,459372,52819.92846359612,132.05999755859375,132.05999755859375,122.139996945858
Arthas,craft20,storm_hero_arthas_craft20/storm_hero_arthas_craft20.m3,four-view CLIP appearance classification,Arthas.stl,24993484,ddc2c51178834d7492cce7b23da69a2d15e0eb3b7e7c125d6253775b2831f73c,499868,False,True,499868,62205.58203540413,158.10000610351562,158.10000610351562,122.139996945858
Blaze,felreaver,storm_hero_firebat_felreaver/storm_hero_firebat_felreaver.m3,four-view CLIP appearance classification,Blaze.stl,22297284,84d0d3b182861bb24b5bf1b0d7ed124ca1282976660515e353750e5bd1055bfd,445944,False,True,445944,203887.63002992305,112.30348587036133,112.30348587036133,122.95948791503906
Cho-Gall,ultimate,storm_hero_chogall_ultimate/storm_hero_chogall_ultimate.m3,68% multi-angle silhouette plus 32% CLIP appearance,Cho-Gall.stl,16855684,16edcfd3d4c7a986cb218b15ca0d0454496410177f4e9d89bc853706d39dac32,337112,False,True,337112,81053.72816103963,97.3499984741211,97.3499984741211,122.65000304579735
Dehaka,mecha,storm_hero_dehaka_mecha/storm_hero_dehaka_mecha.m3,four-view CLIP appearance classification,Dehaka.stl,24948084,503faeac9b4ac2066c2f302e5396a8d9df22a1bafdab6d5679008f1bf1cadfd9,498960,False,True,498960,113348.307365637,225.05999755859375,225.05999755859375,122.139996945858
ETC,base,storm_hero_etc_base/storm_hero_etc_base_v07.m3,four-view CLIP appearance classification,ETC.stl,24999784,6d474d27fab17c4bba5265f1a8bb728195a8374ae0ee43e6501951d6195eb4ee,499994,False,True,499994,61665.680520703085,123.37999725341797,123.37999725341797,122.139996945858
Fenix,guardian,storm_hero_fenix_guardian/storm_hero_fenix_guardian.m3,four-view CLIP appearance classification,Fenix.stl,24988184,a6ecb7885c9efac437c01d1c777542e6a6167d7a16423515af00b2eef4d0db72,499762,False,True,499762,1251339.1443512596,287.05999755859375,287.05999755859375,122.75999969244003
Leoric,base,storm_hero_kingleoric_base/storm_hero_kingleoric_base.m3,four-view CLIP appearance classification,Leoric.stl,19556384,b129c38e938ada2d23a829145486836b8cf915f22ab8b41e11d09f6409ef1a14,391126,False,True,391126,118566.19080671556,138.2748260498047,138.2748260498047,122.84750366210938
Lt Morales,ultimate,storm_hero_medic_ultimate/storm_hero_medic_ultimate.m3,four-view CLIP appearance classification,Lt_Morales.stl,24979784,0df0530e85be44809ab0c520b803f9732b70c8eeddde00cff0ac2d593d2e21b4,499594,False,True,499594,44615.05135420258,101.75,101.75,122.65000304579735
Lunara,base,storm_hero_dryad_base/storm_hero_dryad_base.m3,four-view CLIP appearance classification,Lunara.stl,19032384,1efbcbb6d41156b1e74762672bca59f69bd2cc243e447e832da651073d0a1438,380646,False,True,380646,17968.772279893336,100.6500015258789,100.6500015258789,122.65000304579735
Mal'Ganis,base,storm_hero_malganis_base/storm_hero_malganis_base.m3,four-view CLIP appearance classification,Mal_Ganis.stl,17639984,8fdf41a2f5e5b56586928f55bbd9574117190c3b110f411e04d81ce5545f8053,352798,False,True,352798,103502.19198911251,114.84911346435547,114.84911346435547,123.24851989746094
Nova,base,storm_hero_nova_base/storm_hero_nova_base_v05.m3,four-view CLIP appearance classification,Nova.stl,15792584,96994e0f7f68d2427750d0ea3d3de6ebec2293646be49001fa2a87720b2c359c,315850,False,True,315850,36211.00750004503,114.94999694824219,114.94999694824219,122.65000304579735
Ragnaros,base,storm_hero_ragnaros_base/storm_hero_ragnaros_base.m3,four-view CLIP appearance classification,Ragnaros.stl,24953784,c2bcca86748d43ee43bb0433ad55fe7922a4fa9534bf09b3a8ef48ae15b9ef17,499074,False,True,499074,93357.1474154083,127.0999984741211,127.0999984741211,122.75999969244003
Rexxar,frost,storm_hero_rexxar_frost/storm_hero_rexxar_frost.m3,four-view CLIP appearance classification,Rexxar.stl,24893184,77f8f1733cd163d419ec55c2efddc3f67d35c6fbd2b340ab5d2ab1932f6162aa,497862,False,True,497862,39321.4781741305,111.6500015258789,111.6500015258789,122.09999999403954
Stukov,base,storm_hero_stukov_base/storm_hero_stukov_base.m3,four-view CLIP appearance classification,Stukov.stl,16738984,83edbba4fd14229c722919df0d181eafa7456c3c556caae99e82a1d11d607e63,334778,False,True,334778,146848.8605880932,143.44830322265625,143.44830322265625,123.20320129394531
Tychus,base,storm_hero_tychus_base/storm_hero_tychus_base_v13.m3,four-view CLIP appearance classification,Tychus.stl,24935784,fcc9cccde267546ef7588eb6e9460a4a0bf28b6d717f111271e50da3e00cdadf,498714,False,True,498714,123725.9063120308,158.10000610351562,158.10000610351562,122.75999969244003
Zagara,insectoid,storm_hero_zagara_insectoid/storm_hero_zagara_insectoid.m3,four-view CLIP appearance classification,Zagara.stl,24919484,f500d069f8bf978b663c780c1d1379b5511270c3c5ac34e819b29c6dc34f14a1,498388,False,True,498388,191726.33132485996,172.14999389648438,172.14999389648438,122.65000304579735
Zul'jin,base,storm_hero_zuljin_base/storm_hero_zuljin_base.m3,four-view CLIP appearance classification,Zul_jin.stl,19631484,40fa148a9b598a0f9c89452db318e37812bf40e17fae6c7f8fd213a75b895800,392628,False,True,392628,30778.065998331458,93.62000274658203,93.62000274658203,122.139996945858
